task,dependsOn,dic
audio,v,5013.215060729703
audio,v+a,5022.794257655447
audio,a,5122.081708168029
audio,,5123.885804239753
audio,v+z+a,6068.5762892278535
audio,v+z,6095.498415281419
audio,z+a,6236.921057792557
audio,z,6238.666747185542
