task,dependsOn,dic
audio,v+a,5018.427470912717
audio,v,5019.661623467908
audio,,5123.529118492104
audio,a,5126.246163787066
audio,v+z+a,6076.614461008986
audio,v+z,6078.7743650647535
audio,z,6235.436038506521
audio,z+a,6243.708984691555
