task,dependsOn,dic
audio,v,5022.761831182939
audio,v+a,5023.867931401133
audio,,5117.0341949147005
audio,a,5124.519417986765
audio,v+z+a,6058.210526738876
audio,v+z,6104.132829772783
audio,z+a,6230.154183238665
audio,z,6245.696442168374
